channel,samples,mean_abs_oracle_gap,critical_vehicle_agreement,critical_component_agreement,missed_triggers,false_triggers,mean_message_age_s,head_mean_abs_oracle_gap,head_critical_vehicle_agreement,head_critical_component_agreement,head_missed_triggers,head_false_triggers
fixed_100ms,360,0.016235022111714403,0.6055555555555555,0.9166666666666666,20,11,0.10170833333333312,0.027231405774790662,0.6166666666666667,0.9166666666666666,9,8
fixed_200ms,360,0.030718599671231375,0.6277777777777778,0.8861111111111111,13,17,0.20174999999999954,0.05493513967658629,0.6416666666666667,0.875,7,10
fixed_300ms,360,0.044131866854757756,0.6388888888888888,0.8472222222222222,12,19,0.3001249999999993,0.07809479606731345,0.6166666666666667,0.8166666666666667,6,11
fixed_50ms,360,0.016235022111714403,0.6055555555555555,0.9166666666666666,20,11,0.10170833333333312,0.027231405774790662,0.6166666666666667,0.9166666666666666,9,8
bounded_delay,360,0.7453417026359385,0.30277777777777776,0.3638888888888889,0,224,0.305,1.1180104774437507,0.0,0.09166666666666666,0,112
burst_loss,360,0.0002894251417775715,0.32222222222222224,1.0,0,0,0.007499999999999982,0.0004326123442345141,0.9666666666666667,1.0,0,0
nominal_delay,360,0.016235022111714403,0.6055555555555555,0.9166666666666666,20,11,0.10170833333333312,0.027231405774790662,0.6166666666666667,0.9166666666666666,9,8
packet_loss,360,0.0001817969250650461,0.32222222222222224,0.9972222222222222,0,0,0.004166666666666658,0.0002711700191657259,0.9666666666666667,1.0,0,0
stale_messages,360,0.7453417026359385,0.30277777777777776,0.3638888888888889,0,224,0.305,1.1180104774437507,0.0,0.09166666666666666,0,112
zero_delay,360,3.0507368636864307e-06,0.3333333333333333,1.0,0,0,0.0,3.0507368636864307e-06,1.0,1.0,0,0
