design_id,mass_kg,tau_f_s,cooling,friction_limit,auxiliary_scale,fade_offset_K,rho,feasible,limiting_component
0,27872.992209804586,0.18215149031346306,483.50479490601464,126888.23505631005,0.36587106819984616,-0.7564493019437167,-0.20450631964371535,0,collision_demand
1,28331.39113858716,0.1659773020205255,551.3036461560753,124638.09972767196,0.08157381514421555,-0.2700670335705677,-0.7019767626846285,0,collision_demand
2,26222.26895300959,0.14180670622580066,482.67662247608297,127500.98350082833,0.6163377277677266,0.5472036649628653,0.03652149619637056,1,auxiliary_interval
3,32087.685783064684,0.18855963127262143,538.4130749650294,124957.80302165776,0.4607459761108142,0.43003735924266095,-0.7078752958477192,0,collision_demand
4,26847.388251654702,0.23268363679041637,490.226385818868,124816.97536876798,0.3252778092722791,-0.37874219706358775,-0.06295973278621059,0,collision_demand
5,26065.908854503065,0.24799383191157032,588.0688098843999,127241.21758785595,0.5851387507096223,0.7069436778461073,0.034672780353378035,1,auxiliary_interval
6,31949.552861506494,0.24142412493303175,595.6982030694211,127562.26618212595,0.7495039695108678,0.28430599024740544,-0.17296630806484092,0,collision_demand
7,30174.584325926244,0.16690298813805582,605.9487044532046,124490.5821036112,0.9579019638689614,0.05124435316298803,0.056761108972904324,1,auxiliary_interval
8,31698.278823801138,0.21781886051570365,567.9102885580871,124060.59277414069,0.4792138315584585,-0.22145963263418933,-0.5844522706315916,0,collision_demand
9,31486.187295740114,0.1877599250380198,556.7550215923023,125374.72208517171,0.7599005298054196,0.6105105758113112,-0.12146784752716755,0,collision_demand
10,28378.513629681864,0.1734954245620087,557.1408952546258,124431.13326826536,0.5152531892841042,0.14827660728878556,0.03053166558659688,1,auxiliary_interval
11,25975.593316707676,0.1931673400697791,613.678647056904,125982.11061020513,0.6125919193508987,-0.6923367898836532,0.036299535862475404,1,auxiliary_interval
12,24310.02658624076,0.2220621184353737,543.2182472392917,127096.78785501723,0.3906918336786742,-0.21169198265761568,0.023150700784336918,1,auxiliary_interval
13,27656.949435716422,0.259072147232943,587.2244159941126,126984.21163453168,0.07131364267865896,0.25666565380158457,-0.5526865600614954,0,collision_demand
14,27110.92061851063,0.21566152561635965,511.94478382620326,126839.61586653852,0.17284536994088742,0.027963591715137293,-0.3663981160749019,0,collision_demand
15,29391.938496672014,0.25222375666196134,519.6650285906235,125994.24945598525,0.0684492503244732,-0.6704621549326,-0.9414162518465226,0,collision_demand
16,27191.28089133322,0.24476196460618602,607.8718767577291,127049.59356747383,0.23066768457198375,-0.2043239510104362,-0.14747330807228742,0,collision_demand
17,28515.447950884354,0.20628231659284227,575.2550970111221,124124.87400302065,0.44653942628195836,0.7453506078506222,-0.06855553645990042,0,collision_demand
18,24150.75056438563,0.25525588871274996,493.42520563403053,124333.39741607445,0.6435713277614096,0.35278186664011413,0.038135241021281886,1,auxiliary_interval
19,29054.10339136507,0.19808968562345353,497.16046313613344,125343.08508429436,0.6263786967021269,-0.29183392586686707,0.03668590825640905,1,collision_demand
20,26718.764295762674,0.1442962488273631,593.4744388844549,126261.40378122462,0.8381945948538277,0.6618011449436136,0.049667770328849545,1,auxiliary_interval
21,26015.53667324241,0.21406312769390073,546.9197977973704,125394.55079901342,0.3038770516371618,0.5214291055612277,0.01800643394933195,1,auxiliary_interval
22,30573.737002437847,0.22768272935390527,540.2211910394049,127463.6805118085,0.2933097280970216,0.7984490256596086,-0.7334244162645218,0,collision_demand
23,28441.558768355913,0.15678104879675636,557.8372704071414,125787.60522149646,0.9778235118901578,0.6319314911510645,0.057941573363615974,1,auxiliary_interval
24,30142.186810070365,0.2238765073289913,620.1339443376207,124261.32480913424,0.9958967199537566,-0.3365702014147951,0.059012513158169154,1,auxiliary_interval
25,28298.328355732097,0.21746294137935535,607.129327116706,126457.43630938501,0.15949143785245126,-0.5819149073040382,-0.4876429088986818,0,collision_demand
26,28228.62734862886,0.23331610941200165,581.8182649684946,125878.62084485654,0.09526808151951176,0.6259323578615705,-0.6204557216110187,0,collision_demand
27,32858.58098495436,0.19716288066021304,537.4770170219854,126519.42054600833,0.8600549724536063,0.2635658572467918,-0.2219580033728592,0,collision_demand
28,33131.85698484459,0.16328660285313515,579.9195315614171,127591.41090474215,0.750698650942482,0.7855964853803938,-0.38333750729581517,0,collision_demand
29,31380.05689010844,0.19165356946694728,485.15127702490906,124726.70921556871,0.39835836717053963,-0.3581815977877208,-0.7577245870687994,0,collision_demand
30,29606.071080804766,0.1791394543921378,524.0105933773101,125635.28510370674,0.8416035636660497,0.6520779898111912,0.0498697710111054,1,auxiliary_interval
31,28081.94900756263,0.24118002689554877,602.2005280174424,125230.24367917079,0.3016974460237963,0.6064558123035448,-0.2033616398398319,0,collision_demand
32,25460.36781782435,0.22858601635208758,615.0013027364773,123779.41226505807,0.5643955666370172,0.11042883416120686,0.03344362937968694,1,auxiliary_interval
33,26279.313492372625,0.21473234510944728,489.92985633887486,126206.58896979013,0.7659954529578816,0.4883814423484987,0.04538956283426026,1,auxiliary_interval
34,30087.527717738845,0.1607412053254953,534.5684820297631,126231.84906173877,0.07630719723236767,0.46935008374477816,-1.0187239452473413,0,collision_demand
35,30400.099483276987,0.20233533723216435,622.5868792198464,126771.96567847337,0.2574895717317086,0.14029909606195956,-0.6648983542887912,0,collision_demand
36,26384.60894682897,0.2295650366210797,605.0307509124596,125576.91737874848,0.7941349092839665,-0.6400656455429946,0.047056984770125175,1,auxiliary_interval
37,24797.112466421197,0.186729623545565,606.6953051207355,124675.40804155142,0.824566750500519,-0.02566895981726025,0.04886024347580954,1,auxiliary_interval
38,28159.03571517027,0.2184190369550752,571.7976195888942,124621.78391928917,0.22031260752566287,-0.5682084358785549,-0.4009261435042175,0,collision_demand
39,31447.834680956792,0.15499312899866247,530.2295428236591,126787.18049888562,0.9525028806907697,0.7615003739700268,0.056441182758959284,1,auxiliary_interval
40,24027.00386073277,0.17290456232416024,549.5189859875402,126189.17644618696,0.8836739692348023,-0.25378988323203167,0.05236268047897754,1,auxiliary_interval
41,24405.34279355782,0.20043819248906214,547.0501281925121,127510.9275312764,0.22369235185594083,-0.40963191027584295,0.01325503698605762,1,auxiliary_interval
42,30044.689433132553,0.20271746118033818,522.6577771628735,125060.3188212267,0.8150818058421025,-0.7198387919094409,0.04829820686072229,1,auxiliary_interval
43,31541.691714337605,0.15932102433298193,493.05930288193446,124390.3978473651,0.6540859902188274,-0.010647226528365583,-0.3715378326547567,0,collision_demand
44,31182.026397195175,0.21134300337787043,570.5723713000043,124208.44287473473,0.8991805913452169,0.32107537606297587,0.0532815355399442,1,auxiliary_interval
45,32511.256602252644,0.20354625893850964,540.7377058105876,125700.90429045413,0.7247668779920927,0.3405780119352284,-0.3667957054261395,0,collision_demand
46,30538.186070726246,0.2452061708354748,595.3652540969988,124183.95951417445,0.06328590681914033,-0.1520285247969272,-1.0351223871637378,0,collision_demand
47,29685.268342319752,0.18323358523455724,602.9732613613999,125645.88721565796,0.7780293470724156,-0.0118341230977832,0.04610263912073596,1,auxiliary_interval
48,29229.66452568525,0.23939782483176153,498.3530767041029,125602.23231397718,0.7627202277714148,-0.6628187939506585,0.04519548721824526,1,auxiliary_interval
49,29997.403759499735,0.1476555832591059,564.7912672598153,124767.07683642923,0.013963588034025701,0.6369895383170794,-1.0710156315458583,0,collision_demand
50,26403.52960623352,0.15088091350136618,591.5850475329873,123880.98146771896,0.8645933399440618,0.03464820894088683,0.05123204527903607,1,auxiliary_interval
51,31788.943392643898,0.17790430879985492,553.503001643169,126105.52487248629,0.8892222488448386,-0.38981518458175324,0.023996975906425355,1,collision_demand
52,24250.139955075945,0.2514472671634389,561.6889718956222,125671.8019727615,0.3729965590858227,-0.42114727781042344,0.022102155685406827,1,auxiliary_interval
53,31550.935178015683,0.19488018099285548,487.775160629585,127115.30475477966,0.7452752029004303,0.4828901194145252,-0.2359504311790861,0,collision_demand
54,29131.989057826402,0.1507528305431968,555.6207820466486,125793.70239151568,0.42613811604450635,0.234095252642186,-0.24564283328224157,0,collision_demand
55,28708.689908004264,0.1554301044246273,602.4777425979812,126130.45581661392,0.03097124072045716,0.1937431952820905,-0.7890072847345131,0,collision_demand
56,25959.778240005715,0.16003241417638545,525.1073852090001,126756.9237329618,0.43455327485674444,-0.7360009521050861,0.025749739241635303,1,auxiliary_interval
57,25423.420141186365,0.14065919712911368,573.0717827556506,124703.74269634034,0.6610612982692888,-0.5389840947764242,0.03917162069203744,1,auxiliary_interval
58,24455.72613010873,0.17501771863014448,541.9493812572856,125430.13609682072,0.4322111037387669,-0.36304556460241644,0.025610952356259525,1,auxiliary_interval
59,25912.480533707338,0.2166058587088427,505.49748384859805,124141.6417926102,0.8299580945945498,-0.6984535983535962,0.04917971110524805,1,auxiliary_interval
60,31653.039930389587,0.15200005471483666,529.7841652361271,125499.86953476921,0.7125117343603468,0.8360215309895398,-0.25594067542250265,0,collision_demand
61,30647.7085165705,0.15593598779380233,519.0693441053787,127579.18337070214,0.5289079215673882,-0.6156781436010292,-0.3894427595054655,0,collision_demand
62,32335.112188595966,0.22810805931504535,515.6164149537873,125262.70537356823,0.3408709858219799,0.07049355410530167,-0.9551901902120825,0,collision_demand
63,29338.313686928228,0.25272495916645954,490.83914642550917,124782.14005390472,0.9310703596745717,-0.677216522287391,0.05517118467267194,1,auxiliary_interval
64,25792.587519932462,0.18932375587485276,567.4171501713533,127075.41339359521,0.07735161345205682,0.5591489660883513,-0.20206579528604074,0,collision_demand
65,27092.098301590373,0.15156613904854555,598.2824715522233,124971.31542561387,0.24012958980048174,0.5969906280037891,-0.12299327965700702,0,collision_demand
66,24683.20011375138,0.19730614099176694,609.5270782096343,126018.57022787892,0.08381853838516275,0.041165654899990134,0.004966722452487443,1,auxiliary_interval
67,27358.018807805238,0.20536320249935602,587.6664184844523,126633.53720604796,0.1404543324232642,0.47072566271198935,-0.3713168802102187,0,collision_demand
68,28179.178042404565,0.19947020749723252,599.1625266830307,126253.70450335456,0.2815976227748098,0.7260113295029309,-0.2613835821228525,0,collision_demand
69,31261.27076134547,0.22582438697983453,529.6236814304556,126719.20854997539,0.571028071929395,0.31284495744876906,-0.4131404170981581,0,collision_demand
70,29114.876887530387,0.14351034540861812,601.3808940866651,125489.03962537693,0.5131495198686729,-0.40261634963598736,-0.03689495937117826,0,collision_demand
71,31100.414495741243,0.17648992283365328,561.275999904681,126653.28206185285,0.2062974817024776,0.6484239416312663,-0.930284319794886,0,collision_demand
72,25577.738019621815,0.1807676096342774,507.2550401177609,127615.93204822854,0.38843076945953564,-0.5750050660652681,0.023016719941434276,1,auxiliary_interval
73,30888.85734666568,0.14656417045999093,518.0487215890925,124160.76053813926,0.01716944486289345,-0.5621676016050436,-1.2529047208685133,0,collision_demand
74,24994.18097364917,0.25333154309391026,526.2872701269711,124075.73432023771,0.33120401564837,0.4071914689829077,0.019625711120321247,1,auxiliary_interval
75,29566.29908599882,0.16771223945601382,610.1944026317908,124134.64491743504,0.0036206776529918386,0.07411641122141277,-0.9658003195969638,0,collision_demand
76,29416.889210310394,0.20655286759910574,509.85572839321986,124832.17987797986,0.3753894514916664,-0.6014677119459504,-0.4403494298941073,0,collision_demand
77,29518.352484921637,0.19642107729297248,484.26444487752275,123624.49331611907,0.9193232977177471,0.1632226082434436,0.05447510481377941,1,auxiliary_interval
78,25323.72227236934,0.2250373006112272,565.6588165389126,127163.0685642045,0.0026673152302461676,-0.17071123550317047,-0.2502977195565057,0,collision_demand
79,30443.492284619337,0.18587079525460734,552.3924548249665,125768.16080001017,0.7887813152418081,0.5356137255658917,0.046739754044763375,1,auxiliary_interval
80,28785.022041007564,0.2189076175303008,578.4490301083376,127353.79661566115,0.6359306233955134,0.4182889625584436,0.037682486074010785,1,auxiliary_interval
81,24355.421126797777,0.1771986525595875,542.1527531195596,123916.49359946337,0.47580734282750853,0.17652103599941116,0.02819427608985964,1,auxiliary_interval
82,29170.815842037893,0.2042571854400621,612.3652869342538,127411.42940031947,0.8527134515961156,0.1878928490672669,0.05052809470524232,1,auxiliary_interval
83,25182.45704645275,0.24167708551812506,522.3523521364666,126550.62223898708,0.7055404694659893,-0.2616940168805528,0.04180726314664018,1,auxiliary_interval
84,29525.898021100777,0.21825310986073648,506.55895041795054,126024.64767595896,0.403061826318661,0.31582408603832124,-0.41714928906962623,0,collision_demand
85,27928.631760146014,0.22552929691150675,541.4104700776702,125529.07587323489,0.8598312562547487,0.7630721543258623,0.05094986488749011,1,auxiliary_interval
86,24712.21476299916,0.17092952504979192,568.9713749800627,125884.86363731764,0.7272562119059494,0.8318959794453711,0.04309404370410308,1,auxiliary_interval
87,31629.829764869643,0.14304526858319935,611.0156330064999,125684.81383512553,0.501133407163393,-0.8288620227479158,-0.48942348937307667,0,collision_demand
88,26177.59175506789,0.20685972754120757,611.5003232036344,127026.85367217645,0.08973825650856938,0.29875307585408395,-0.19697562283155357,0,collision_demand
89,26045.406320666374,0.16849622195158154,499.986039577792,124510.43007907242,0.19324180381592346,-0.8068879390952607,-0.1290623369737407,0,collision_demand
90,25249.843823704887,0.19144123380720743,518.6881645482157,125842.08237917219,0.1117113319120526,-0.7888048464882237,-0.08859467175280678,0,collision_demand
91,33146.40474304883,0.22622981840755213,563.7732790007592,125287.64479547666,0.9465182609981431,-0.08714322032290678,-0.1105654907729221,0,collision_demand
92,26314.013286789792,0.2461482669966555,507.85888728749524,127187.54172759282,0.28580520172291657,-0.4827805327435718,0.00015464301161838279,1,collision_demand
93,28392.0488504256,0.17922063479140626,584.0202633184122,125214.29373428308,0.3172438742482511,-0.19913516450198288,-0.25886702661811256,0,collision_demand
94,24862.625424093298,0.17263363381868654,560.1473525379074,125073.40372892628,0.5524702844361666,0.5115743313993322,0.03273698896337424,1,auxiliary_interval
95,29263.51370840943,0.14564350770366719,510.1551042263385,127452.56017273302,0.356768385366599,-0.635968158460241,-0.44431487487080634,0,collision_demand
96,28730.113325622628,0.21998398022425664,503.9125734415517,124806.6468982301,0.3477406314168649,-0.3224047191886067,-0.3715756948566993,0,collision_demand
97,30221.07136484843,0.16640059897973553,596.9736198185681,126172.98405993874,0.46696804538099124,-0.7524665636673162,-0.3227376599844982,0,collision_demand
98,32990.01171833121,0.18298425916483466,521.4025596940858,125423.37834029071,0.5992885895247969,-0.03641333067473318,-0.6532393832667527,0,collision_demand
99,25135.821102944774,0.23740851847692857,506.5116709773854,124558.78834590415,0.9270825520651198,0.4613444878903721,0.054934884517937065,1,auxiliary_interval
100,29745.851829526255,0.16636324600183774,488.9673567781451,125040.28303209222,0.6496415559681026,0.7725426753359399,-0.06647145695063905,0,collision_demand
101,28479.124293699122,0.21394049544550997,620.9832301593494,126860.9435481721,0.6088694035630352,0.05715511022699549,0.03607895574858268,1,auxiliary_interval
102,32301.89579420632,0.20731751315007454,545.1118419863636,125442.64719766725,0.16140221005302416,0.6027233707936559,-1.1923501659824192,0,collision_demand
103,24752.75126603618,0.23713809355613763,527.0546649719621,127059.92831097837,0.7977100474518258,-0.2835596012824271,0.04726883192650789,1,auxiliary_interval
104,28546.46298663239,0.21935389097115582,501.0778830043946,124905.50548195164,0.27372924417350086,-0.07493217124031715,-0.4699208956541483,0,collision_demand
105,32708.0797735941,0.25071740348243965,603.6643288392381,125081.44031882264,0.04834646332791465,0.21839288331430295,-1.3534093462346828,0,collision_demand
106,24371.827839218084,0.16127739342546132,583.0447749909957,125607.58325050706,0.4995953857061417,-0.14895559787846002,0.0296038521686398,1,auxiliary_interval
107,26539.276715460157,0.25480255694496723,573.6977535189444,125151.59008542867,0.12083351372456046,-0.48827828685413105,-0.26493365336813035,0,collision_demand
108,28896.41709946517,0.19544991959641225,520.2313950518335,127183.17736287038,0.8096692437609818,-0.17534220238853881,0.04797748194554597,1,auxiliary_interval
109,30270.0671354309,0.20121154173446418,624.2448874511883,123828.12754558714,0.02383653012090101,-0.3341026714955956,-1.0242441552711448,0,collision_demand
110,32164.764809524662,0.18508444706350485,609.1454102516741,124321.58849548608,0.3211927133471304,0.6571971253676347,-0.8543985298834063,0,collision_demand
111,29846.408123355173,0.21230204594617552,576.6221751894321,125318.78814023636,0.1996033959739743,-0.23945276139726002,-0.7251017820393626,0,collision_demand
112,27969.214553935264,0.2083479365418462,535.7431914403132,125188.45566495617,0.3444736237349304,0.3939882441002238,-0.1925321222844536,0,collision_demand
113,30982.08648998932,0.22307878441158013,488.01031924132593,126334.59364987366,0.4955790680485668,-0.6814207309099332,-0.5361649896686647,0,collision_demand
114,28862.945887656202,0.17123580490561893,532.1653283337756,127419.84018533687,0.6769588367491847,-0.6279563321398762,0.040113639758804644,1,auxiliary_interval
115,26136.08789720513,0.16421885723518984,496.11822138169015,125180.35319059735,0.442654313379419,0.3909950527063626,0.026229771591211034,1,auxiliary_interval
116,30519.724095129888,0.24020122171033897,482.4203788092682,125299.27174917763,0.31383871794018553,0.028975904590160417,-0.7609325745644737,0,collision_demand
117,26336.4290683249,0.2566046464576958,496.4795186643438,124359.33442832233,0.9407452081444004,0.6385171481836303,0.05574447416262584,1,auxiliary_interval
118,32128.82704464458,0.22137640277855852,485.73400298497256,124478.07473822667,0.741691249841932,0.755013452473456,-0.3408569039688727,0,collision_demand
119,28815.139885260247,0.22479412274226038,556.2413655326787,125733.98055699716,0.2546803866932192,0.21546778155811164,-0.4806273240942094,0,collision_demand
120,27780.91966329063,0.1599515299331524,528.5229170134725,126344.70942982279,0.9084060699589194,-0.10784747174053,0.053828197324418,1,auxiliary_interval
121,25638.6867652774,0.22897777022015628,503.1639886627871,124276.44407694819,0.6766601160020106,-0.35182178090314464,0.0400959388650573,1,auxiliary_interval
122,26911.243886821056,0.16826193084272256,525.5905670885837,124746.21962354651,0.8938500072826548,-0.7636986142032588,0.052965668286011194,1,auxiliary_interval
123,24589.883096595007,0.2031674633539872,502.5982475962712,125476.69905349165,0.1565287751711043,0.24821414796284214,0.00927521520991234,1,auxiliary_interval
124,25512.467211647636,0.16227534220228032,592.6752684157711,123891.26809526239,0.5686583995126527,-0.43327445624706923,0.033696226336905756,1,auxiliary_interval
125,28944.367737963574,0.19635913426180726,622.2410835835661,124932.14710545952,0.14705188763455063,0.1344333141299674,-0.6047238913994288,0,collision_demand
126,29300.820280509633,0.2091420866203952,504.1797612850584,124462.84918890163,0.954002294317869,0.4030695513750413,0.05653003149661035,1,auxiliary_interval
127,32980.34592611265,0.2366567415519338,618.7622629807653,126422.66393549653,0.754104750864533,0.5035002067693923,-0.311143994245346,0,collision_demand
128,24832.804741279546,0.2399264313287638,612.9028019057776,126308.61704941244,0.8737028693780778,0.5925532351890872,0.05177183641883876,1,auxiliary_interval
129,28652.864793323442,0.16386651784314105,572.1897387119424,124573.42424494795,0.456119543332912,-0.5462822503095819,-0.08256682420634132,0,collision_demand
130,29941.53484389207,0.22725816229868923,585.8037793464376,126049.80715546051,0.16857675822174123,-0.2513842495775105,-0.7808595776383358,0,collision_demand
131,27012.20484413275,0.21267886917287182,563.1383631606445,124521.85340532687,0.905518604602233,-0.06297246154694658,0.05365709867137381,1,auxiliary_interval
132,26471.864662116503,0.23152170814905154,572.5389075355112,124921.05851615487,0.8700272823828061,0.2899038786797197,0.05155403710132265,1,auxiliary_interval
133,25871.846914904545,0.1723648641583719,550.2276663854022,126318.77415957162,0.7395949401751887,-0.08295733033660002,0.04382518313829799,1,auxiliary_interval
134,25700.442805676757,0.256370254285774,500.76352893270314,123857.05124784053,0.6530761669382553,0.37520917647055185,0.03869845649910365,1,auxiliary_interval
135,27913.316475495787,0.25842724281992047,582.5627148470985,125094.0434015772,0.5094995502848064,-0.29766292574365505,0.03019072993498716,1,auxiliary_interval
136,26452.937752277438,0.1531128127523086,540.0806687110327,125408.35674732563,0.6853217096400329,-0.46261606681914463,0.040609187275553356,1,auxiliary_interval
137,27724.538763494587,0.23546199589312106,621.6201336543911,124884.24492141898,0.8222172690280013,0.1551573886283767,0.04872102341058203,1,auxiliary_interval
138,27849.551575505295,0.22344142009358461,582.238688213827,127122.268519253,0.559435779512885,0.1807767686480788,0.03314973394147507,1,auxiliary_interval
139,30128.521233202813,0.23780151049925605,596.4890287440161,126389.36814682993,0.9483759801575081,0.8176696254904618,0.05619664056181974,1,auxiliary_interval
140,31036.77438256804,0.14557922130482667,578.7038677951939,127149.59943963763,0.20174606092218428,-0.4570456311943991,-0.9073880288490415,0,collision_demand
141,29190.00072893233,0.19278650480075119,596.4405711576667,124004.88948235278,0.846450043186708,0.10166531987723026,0.05015695233297674,1,auxiliary_interval
142,32210.59824974528,0.24279942487340767,614.4659270059412,125908.4326241083,0.12745812263411024,-0.3661866737583728,-1.1533552249184114,0,collision_demand
143,32390.94978859341,0.15023200228301203,558.6858897835988,126114.3731549651,0.6274478250207435,0.5875324329593485,-0.4759088457606495,0,collision_demand
144,31812.233582596156,0.18442325245305624,613.8024478521171,127400.43803036062,0.21306696290609176,-0.15994787181466563,-0.9646317927567605,0,collision_demand
145,31334.052023796597,0.17434710188711824,523.2277882558399,125518.0014045206,0.7327038157614413,0.018676458824291586,-0.17694628877954433,0,collision_demand
146,32531.08868429688,0.25585382610586316,563.6636741219262,126085.19155144978,0.6977500649955735,0.7446409552542872,-0.3853816703732189,0,collision_demand
147,32477.404378537758,0.1905636916876855,564.4104461881522,127383.52011323231,0.22843515529125374,-0.19374567095415174,-1.0922667403961812,0,collision_demand
148,31268.63972907858,0.20169165583522244,548.7551986818496,123663.59699667175,0.6584833140388714,0.35866524871476524,-0.25329521581956893,0,collision_demand
149,27410.719040550746,0.21108441845847342,543.6383738602462,124041.11678353904,0.03413718430602444,0.44230439977831004,-0.6324550653508814,0,collision_demand
150,24470.314051999194,0.15839335350478995,548.325268715388,123809.2235652253,0.688565663579721,0.681313091677197,0.04080140989333569,1,auxiliary_interval
151,25665.61115650674,0.2540678853263754,536.3092903362851,124052.9002932414,0.7009947523461378,0.5040872273563342,0.04153790369804094,1,auxiliary_interval
152,25212.490183153328,0.14945116323286864,548.9760876043863,126446.2186740516,0.336834004267474,0.0825778452757232,0.019959319787574058,1,auxiliary_interval
153,24560.8770581209,0.17364807933803342,544.4531323189893,124629.1123901048,0.911285371389745,-0.016999372689132985,0.053998812218682156,1,auxiliary_interval
154,29454.461306104586,0.23519192188760113,514.1298785422341,124179.10926523006,0.6648335502126619,0.2695949693934816,0.03939514795443727,1,auxiliary_interval
155,31678.520345595593,0.2076297554983527,534.1465614950906,125868.33010500595,0.6039003159932221,-0.5006138958898654,-0.4251898563633203,0,collision_demand
156,30732.187265080087,0.22999613481173223,529.1248713152276,126505.24376356613,0.2397793749489633,-0.8385489010142589,-0.8582612550092765,0,collision_demand
157,27380.17553870102,0.24905955059003473,574.3918746038756,125722.85760369485,0.5498346060590182,-0.7257713452411336,0.03258081011290128,1,auxiliary_interval
158,32672.335540165113,0.25186349620001114,542.8429226554631,124095.10116620928,0.5423801411384493,0.4798724241072492,-0.6671365220469667,0,collision_demand
159,32444.499311025123,0.22035326316582968,524.4042152634975,125549.84108624276,0.40947813874741246,-0.3156468642087835,-0.8561848934428795,0,collision_demand
160,31595.288136684994,0.2389728971493636,590.5224989504578,123930.14697287187,0.008231687244492008,-0.49449011522922864,-1.280870102918791,0,collision_demand
161,32825.22642402952,0.24819280221078402,558.2395259140335,124980.72646885076,0.04662200110792836,-0.4267589994157778,-1.4218295435673394,0,collision_demand
162,27708.841980777754,0.21556331838259846,562.7780329415311,126798.63790126401,0.9867200704914478,0.25851985888301976,0.05846874477707885,1,auxiliary_interval
163,32049.551925645745,0.22689228939237868,569.4174149538243,125366.77000707293,0.7209222024565715,0.495679761349475,-0.26415827077062826,0,collision_demand
164,31853.70772958361,0.16092400529913775,546.3669268378864,123902.42111273039,0.920500997110351,-0.8162465938187501,0.05297891514329578,1,collision_demand
165,31889.43266568136,0.24317832406716616,592.09541695859,124418.71703455219,0.2984633171772095,-0.14022225051423043,-0.8679957207155518,0,collision_demand
166,28239.49813308221,0.1837697147556182,615.9123961501994,126649.01534354343,0.8682035808153625,-0.8035860942935397,0.05144597246912832,1,auxiliary_interval
167,24799.321884769015,0.2171421022672786,537.2111802254394,126414.02894865298,0.06523509802517026,-0.34264699389688663,-0.05343152543117391,0,collision_demand
168,24208.641037309688,0.1957930989523876,523.5434671365643,123762.23798245119,0.6913313947221311,-0.16425886218943764,0.04096529510569085,1,auxiliary_interval
169,27306.289795266017,0.15166508997041522,508.210211836964,124306.68174897884,0.7346772446573838,-0.3287056845307734,0.04353378186581885,1,auxiliary_interval
170,30301.107254083014,0.24949368951310988,612.11561663217,123861.47585715806,0.55614725771833,-0.21637664697581638,-0.17262843230675706,0,collision_demand
171,32925.7071041602,0.19094954651488846,593.8190684895526,125204.82608853096,0.6806577146385167,0.3323578572728747,-0.44052711291726254,0,collision_demand
172,33024.51779782622,0.2209983752676658,531.4258744221108,124999.72918273088,0.028039512226446028,0.13382829785984018,-1.5048613007192837,0,collision_demand
173,32249.20974204011,0.1891061817109794,580.7830345619699,124990.1752192796,0.6696786501126379,0.27608420299787406,-0.3632815025185172,0,collision_demand
174,27246.097150892358,0.15335142290311105,559.3374268519688,127538.74895360309,0.27963146767868724,0.04777015562864784,-0.13447047997375172,0,collision_demand
175,26965.833233240508,0.18687961509740272,488.53059673926566,124677.67257503416,0.7708769065406281,-0.7435169785881915,0.045678816567113395,1,auxiliary_interval
176,32877.61924179607,0.20455212936945616,623.5932061067622,127479.40721884482,0.35191681277060455,-0.13582111337582836,-0.8956258588260546,0,collision_demand
177,31479.655306090455,0.22254113130355507,588.8703773525124,124442.83384928491,0.5229202295295359,0.5679276553870112,-0.4562465754609919,0,collision_demand
178,32558.188362316258,0.24400107791177278,486.1532845584274,126377.04112983885,0.7149560370301703,-0.41520822159398096,-0.4508571967744892,0,collision_demand
179,30675.277048367818,0.23238214183716263,577.1174553775547,123637.48481651928,0.1871625352733571,-0.6534925725950215,-0.8771801563901347,0,collision_demand
180,32765.193789614044,0.22673858045017378,610.3962132689401,127305.0280173508,0.9383636071269507,-0.6087288148099343,-0.006719687256101281,0,collision_demand
181,25381.780342556092,0.2528892517028325,481.31049207203915,124537.37717847982,0.9005636492457798,0.097401582857362,0.05336348954272399,1,auxiliary_interval
182,31401.134410471263,0.24725278567368697,481.8887390419032,125548.9650345095,0.9708638660243067,-0.03941745018951348,0.057529174984340466,1,auxiliary_interval
183,24909.14170220244,0.17759438646633352,608.5059014249059,126934.62817435554,0.8167975908944193,0.4119588108007326,0.048399876829051065,1,auxiliary_interval
184,29727.638594278746,0.23831927952676812,517.2535141060284,124223.67662935593,0.44924879533765705,-0.1885352798491544,-0.36230194103235824,0,collision_demand
185,30760.64171715538,0.22160930874221668,498.53929912350566,126600.29771947181,0.5052648688751302,0.6969730045738489,-0.4712957633479453,0,collision_demand
186,31222.19056816266,0.2160439460782395,512.5131508559136,126477.9221484613,0.4921413852255844,0.211418498015834,-0.551972548162829,0,collision_demand
187,25598.328323326932,0.1546266936984825,521.5350461661723,124584.94927770935,0.4187610002729816,0.42421575390534416,0.024813957656055825,1,auxiliary_interval
188,26654.696736737995,0.20395850793133746,498.89099907615145,125131.41663595653,0.30893697032486866,0.011661576473902757,-0.04115315308498779,0,collision_demand
189,30228.06488441439,0.23389212316077498,495.4956227036766,126494.05651050506,0.3559357940038677,-0.18465538803749748,-0.6289971964597223,0,collision_demand
190,25778.559202182387,0.14875720465484643,598.6105591945478,126280.94414346624,0.620541912973172,-0.36960925726163024,0.036770617947436524,1,auxiliary_interval
191,28282.359996990446,0.182665395231096,527.2766672160798,124025.85565485203,0.5444746955348517,-0.5304688832378164,0.03226320510025632,1,auxiliary_interval
192,27435.625450519605,0.20977553086338263,589.257401317132,126710.08811721223,0.11893309151723247,-0.649172545054075,-0.4229663733948472,0,collision_demand
193,27502.314041963215,0.15365136983876576,495.4613637635946,126691.0348481111,0.268367059348652,0.6844773518132055,-0.2911453124518806,0,collision_demand
194,25261.5448589757,0.1626863502374929,578.1010445972696,127336.19289513132,0.2169723864644232,0.43435133877102716,0.012856841030449104,1,auxiliary_interval
195,25724.851076433857,0.20584131595494776,562.2303753351638,125821.81553545057,0.9140366825962399,-0.5522517790299062,0.0541618429682794,1,auxiliary_interval
196,27156.684767420164,0.17173156025621972,569.7384658457721,125853.57421538327,0.10591898742116822,0.1733574230992203,-0.4194875488742307,0,collision_demand
197,30909.992748061188,0.15910681362083007,526.1058640997958,127267.23580787746,0.6409973608374483,-0.47075063754293683,-0.2457919164618314,0,collision_demand
198,25288.848072639048,0.24486805131527428,536.7739968988049,124695.30160115531,0.14452678727699367,-0.12513473591866364,-0.00658911438910792,0,collision_demand
199,31166.740768806965,0.17826888282099917,604.182931128469,125326.90420524223,0.47056497601251435,-0.7735611590077223,-0.4696442398419727,0,collision_demand
200,32425.601508644664,0.1648241025900247,571.1825056700932,127230.24392770494,0.8789890745768272,0.24270348947662002,-0.08273943404018347,0,collision_demand
201,26100.72548282434,0.14512878447013872,554.9556878334039,124739.5299444442,0.9928841231798717,-0.6880002252839929,0.058833999760949225,1,auxiliary_interval
202,24496.254688921927,0.1842055744987273,573.9081190102825,126564.98123819302,0.8016680936370312,-0.031063625549992424,0.047503368548534236,1,auxiliary_interval
203,28462.69719177515,0.1938472576901929,511.2101564939384,126927.53768520331,0.960484702965644,-0.7280338237786756,0.05691415087160059,1,auxiliary_interval
204,32732.371784721043,0.16903399028454433,514.7258945238353,127316.3173015188,0.36101038035929806,-0.7481607619966558,-0.9824349527887231,0,collision_demand
205,33050.14145404163,0.25398849683269936,515.9470196114581,126087.22940267826,0.5814416660981787,-0.09959011969404019,-0.6951229213833905,0,collision_demand
206,24080.280670227214,0.23461757364986124,586.3057094481426,125139.66581432303,0.6382004777497245,-0.05805091437141363,0.03781698778213091,1,auxiliary_interval
207,25109.044980834078,0.14983216176168973,554.5879680632952,126140.77144362353,0.42331220142430814,0.15780199120758587,0.02508364206453606,1,auxiliary_interval
208,25863.95910484119,0.19013854562238197,620.6862049609721,126463.36464713141,0.8344158938999461,-0.44536472613570616,0.04944386092610335,1,auxiliary_interval
209,28577.779720858904,0.19237700448607806,547.6427732193035,125272.02429913229,0.4389405824076338,-0.3963879582640325,-0.12921362593578323,0,collision_demand
210,31002.84506030278,0.14622014698821176,616.3867320930949,123702.72268007523,0.40346531351206294,-0.07184832270368702,-0.5353071195642487,0,collision_demand
211,27635.694234553084,0.2574920593597779,565.8766343776499,123958.48914107175,0.9816381772674467,0.23877173171780597,0.05816761386185332,1,auxiliary_interval
212,30810.134281259852,0.14916415758838253,586.4064509090327,126836.57095628865,0.36998975763385755,-0.30913734121616876,-0.5927923021210688,0,collision_demand
213,28055.144627960206,0.1798936474333568,491.62278495673723,126739.66046422704,0.4653857556736178,0.6757541301458148,-0.05324759486179964,0,collision_demand
214,32119.53011637504,0.18136858908445952,538.7753915472786,127494.30853482039,0.23660351577294952,-0.26703043920707725,-1.0583028133261845,0,collision_demand
215,31315.636527680042,0.18615733834301512,568.0920767022303,127225.98562595474,0.5928836470091128,0.34535170065819787,-0.3426250834754381,0,collision_demand
216,26589.939189838147,0.23593376154393958,508.6961682142918,126969.65826561574,0.998533616188826,-6.065701157831338e-05,0.05916876417361178,1,auxiliary_interval
217,26689.150141548125,0.17026882200131158,588.7523126791585,124653.460458782,0.8488463847418729,-0.7693090793110386,0.05029894912312803,1,auxiliary_interval
218,31734.7567720908,0.25450807118721597,619.3823111479816,126165.71282681775,0.020067934678555027,0.5603189083208688,-1.2483350676053249,0,collision_demand
219,27751.101705347166,0.1762376832032564,493.60161575331574,123795.94066699187,0.37958987305904196,-0.5196704847678084,-0.14278613888789593,0,collision_demand
220,25051.084699837036,0.2580761898495929,617.5986537775688,123676.62578119936,0.7668346531359941,-0.5231737010533763,0.04543929019108447,1,auxiliary_interval
221,25090.11276642045,0.2570659203397509,513.005513118057,125924.39264137157,0.012305535216293058,0.5201970871075263,-0.25803922204857965,0,collision_demand
222,31843.28078082868,0.2508424583029289,486.8493508614403,127266.50291448295,0.5768021082807124,-0.6232323149775669,-0.5488416861295784,0,collision_demand
223,31986.948290269887,0.24879684262685858,590.8301499386766,126362.64582223205,0.18589167354102537,-0.6185755359425388,-1.0584327098092636,0,collision_demand
224,24057.29337832872,0.1577644225425906,491.75993065525387,127293.35801412996,0.803738989389773,0.3643872958072385,0.04762608083426557,1,auxiliary_interval
225,25832.492999059967,0.14138071580187422,539.3423114631539,125748.82137633601,0.2726548680818911,-0.478054229988196,0.016156342990133153,1,auxiliary_interval
226,29963.624459614246,0.14372073867595583,560.5572419187753,123948.21855641986,0.3351272718754658,-0.23184941670480375,-0.5396662743781384,0,collision_demand
227,24962.257760286604,0.23069356249285608,600.8491630707254,126990.45929460556,0.9635027704830886,-0.7103489456006828,0.05709298844131737,1,auxiliary_interval
228,24224.64290707472,0.1628230947281224,501.5176447099394,126210.18035401925,0.8806214375374606,-0.050254468592649815,0.052181800711682526,1,auxiliary_interval
229,26252.4109180392,0.14741651212010776,499.582562287752,126534.49728196129,0.8129208135597648,0.2257339277442456,0.048170155846052734,1,auxiliary_interval
230,24924.86902353804,0.15615249132823938,553.892381514724,123729.36409193186,0.5617074085538978,-0.104620475258688,0.03328434080982531,1,auxiliary_interval
231,26149.672785923187,0.2404142182655429,509.0957853408465,124860.30057946211,0.050321435205931526,0.5417129423692022,-0.40916151223423647,0,collision_demand
232,29469.74920171778,0.14831007805144092,503.32035361115345,126620.79460829096,0.7737720803185774,0.7922758333677244,0.04585037198771399,1,auxiliary_interval
233,24164.130448340205,0.14685518569676292,480.20330539506284,126946.51199304617,0.24671495704265387,0.20163722146112062,0.014619256552499533,1,auxiliary_interval
234,24301.37583996834,0.21190753781353022,505.1045390602307,127329.94673128409,0.7839515447962717,0.7314464932740727,0.04645356283009466,1,auxiliary_interval
235,29014.835405114878,0.24645590914230553,550.7096146131729,124453.06677115372,0.13116159154558324,0.32756194432875274,-0.7341020856639116,0,collision_demand
236,27544.232542714843,0.14099719388296925,619.6315626194346,125667.61011559078,0.18015224797861493,0.45510544859397006,-0.29310104082129396,0,collision_demand
237,27810.50286229179,0.1946582694724934,531.0162399665621,126685.1744611919,0.1935220233000246,-0.3055252516517297,-0.4368162849298809,0,collision_demand
238,25364.857653344992,0.21310636494009375,489.2988671379191,124105.7777030453,0.4841656193316056,-0.45099373493150063,0.028689551244697537,1,auxiliary_interval
239,29825.447430633445,0.22400177336527793,516.4596422462704,125464.98505734872,0.5880327535755236,0.5735828711390691,-0.14986985887095905,0,collision_demand
240,28982.380271171965,0.24710715264707372,535.2104884358313,124550.21710682946,0.892200952722052,0.7017453499299426,0.05286795247672464,1,auxiliary_interval
241,26753.69312881271,0.18991264165099825,520.920251604766,126068.81513806779,0.5196340566360353,-0.38280527448987006,0.030791256754104723,1,auxiliary_interval
242,26769.65301581773,0.2436462592786388,575.8893185991758,123973.74750336402,0.1760634210814003,0.12610851748603835,-0.20583873170315936,0,collision_demand
243,30608.342818898636,0.2422551280547336,511.58159551489314,127207.87069179973,0.4146227676871441,-0.5366467694839383,-0.5767852325417557,0,collision_demand
244,26983.172255050562,0.20846306676480192,597.636562043143,126236.06715687957,0.7185438225730439,-0.404744932543581,0.042577785361399584,1,auxiliary_interval
245,24547.520635414818,0.23635376786205187,605.4798626293175,126298.43634869531,0.7081242419394675,-0.46490619801235095,0.041960366278756066,1,auxiliary_interval
246,28933.806966743177,0.1427178371854501,494.3621112748688,125927.14611033314,0.4267098724546125,-0.7936363367120027,-0.2854216136362737,0,collision_demand
247,27475.966114757735,0.21330090375890942,594.302876296703,125964.50023864512,0.03829213314552448,0.8090949223013493,-0.5694137115807845,0,collision_demand
248,24122.608629693124,0.23872901998214474,486.7486859632477,123843.8834514967,0.6015931688303668,-0.8230973744555765,0.03564779768841409,1,auxiliary_interval
249,28779.746147786205,0.2433903305866424,590.1331385402277,123714.90538993808,0.969443954648965,0.09154590818491015,0.05744503720474754,1,auxiliary_interval
250,27612.21471839447,0.20936019178666565,615.2431115117313,124877.96108475044,0.9843027158798138,0.5794806708239508,0.058325502844488036,1,auxiliary_interval
251,32008.95407032635,0.19779743438386688,505.9551124655196,126402.47296059027,0.6701677349355873,-0.5959950832384995,-0.40860608323315617,0,collision_demand
252,30361.904554114535,0.25771387963944015,501.9891022860905,125812.20257591594,0.5322452378395148,0.6941449972220994,-0.3553051455449969,0,collision_demand
253,32902.447536079235,0.16994578935920612,544.682804710618,126907.0960391802,0.293351302799699,0.6206921078287466,-1.0750303094818774,0,collision_demand
254,27574.12997677907,0.1574274921056014,497.5201660034416,124606.20275516172,0.7918271861577099,-0.13204611775569108,0.04692023912308664,1,auxiliary_interval
255,26943.18418403397,0.23166953183852668,618.2456090585857,125573.32011299866,0.12335129635728416,-0.8259776924673738,-0.28041191989819403,0,collision_demand
256,30420.252334035704,0.249733267927638,545.871854871779,125160.20559823941,0.6171352629497514,0.006222987924300649,-0.17417130780413537,0,collision_demand
257,32257.609199022438,0.2104938597684393,480.63860912091735,125249.10050087364,0.05587929430146737,0.7132748891986649,-1.4217942542443476,0,collision_demand
258,31936.09670043008,0.17848549641332387,559.8406172576501,126752.45066793323,0.20828674753919288,-0.24106097727052378,-1.0518468801734828,0,collision_demand
259,28020.611841955077,0.25976159274071653,492.15255097872716,126664.3897626528,0.26001122915851166,0.35117300996658884,-0.4090406659386234,0,collision_demand
260,25542.48144508193,0.20019273750451022,555.2570784048801,127082.30530774097,0.28696418446326666,0.5535046378917472,0.017004250915042814,1,auxiliary_interval
261,32640.451621374843,0.16952159727910676,484.8860992332962,124897.5954951726,0.6952745847445118,0.4499847727534414,-0.4952336726018993,0,collision_demand
262,33185.87613009717,0.18724032496302506,584.6442615219802,127438.05940641163,0.10872266197811524,-0.09152448470516827,-1.3457183190234785,0,collision_demand
263,29902.491612913625,0.19405550650997688,566.3770338043872,127363.95575050358,0.6314981947299162,0.7371235198491801,-0.030780226144371703,0,collision_demand
264,27275.476448127658,0.19864742515767214,617.0087319492156,124380.25867879654,0.539910495775994,0.003330506438428471,0.031992750450763545,1,auxiliary_interval
265,26493.485983544226,0.1543258148248957,583.678922940439,127004.071758404,0.11611329857678689,0.11211533215758651,-0.2507277734077551,0,collision_demand
266,28619.71028460345,0.14470165198836826,483.310932157491,125016.59177111887,0.59390644142457,-0.22780688302819208,0.03519231561573601,1,auxiliary_interval
267,29874.66954132457,0.19969686505867656,608.2343584539199,125116.13358510981,0.8320650488172201,0.3730841703802288,0.049304560059258824,1,auxiliary_interval
268,29626.71012785207,0.1745709686660111,552.1342590702463,123692.56446015449,0.09934422843711906,0.1231720271952853,-0.886718731049001,0,collision_demand
269,28002.586116180755,0.21518201495774436,600.1715280575496,126572.01290468573,0.48136568243719097,-0.5086827240011793,0.02852363914807836,1,auxiliary_interval
270,26801.594576819938,0.18020311587750093,577.3755391712272,127609.48530813723,0.5252082061986292,-0.43733598773202553,0.031121556641449916,1,auxiliary_interval
271,31136.4521454057,0.17597414886549204,533.5848904101553,124402.01196787787,0.32927787624293664,0.7836683984820472,-0.7724777641044396,0,collision_demand
272,30329.567414470836,0.1672670291750229,531.8129729989005,125973.66052933049,0.38566289566314305,0.38606676579129506,-0.553196968489007,0,collision_demand
273,29788.991586802018,0.20085188859415656,518.4323000263387,127527.27798571515,0.3127579101640602,0.7217686487405115,-0.5988544227645267,0,collision_demand
274,28681.878502682048,0.1852620267442155,580.4865451658452,127141.49932026665,0.9735797774666965,-0.7132270129954392,0.057690108097703766,1,auxiliary_interval
275,25496.622741922834,0.2500307421794167,581.5024565159536,126810.74135721102,0.10284630850936366,0.3074699820783322,-0.06928578741506453,0,collision_demand
276,30712.58174448482,0.2592694507302975,513.3468157647665,123651.99793682393,0.058162805396201486,0.19710277152830935,-1.1672234757871012,0,collision_demand
277,32591.78325117009,0.2331355325160413,622.9726920309256,125753.0671026854,0.8538882703752356,-0.11525428416548922,-0.091231365001474,0,collision_demand
278,33080.64540988752,0.23013735400678687,538.236379170189,124200.40282592921,0.24663021805860802,-0.7800596242820323,-1.176728881558999,0,collision_demand
279,26857.13459336612,0.1524947053278915,514.4559788130377,123991.22947670218,0.4123889577360481,-0.5911757122261501,0.024436378097331443,1,auxiliary_interval
280,31071.807763646793,0.18185397702600556,617.9388638795787,124791.27614010639,0.1791159940468199,-0.7966110085389654,-0.9027523040883869,0,collision_demand
281,30492.635314005176,0.15846568387952883,494.59442554522917,124258.23644779372,0.4894937201048566,0.5303778438414939,-0.4563409568371375,0,collision_demand
282,27038.36653051849,0.21025366870977363,603.3937543175219,124345.46081951454,0.13570224922977409,-0.7033048762353307,-0.2966236406214309,0,collision_demand
283,27171.082145362656,0.1935472264586708,566.9420517942691,124847.07051844618,0.45146080807332745,-0.2886050784476144,0.02675160620878639,1,auxiliary_interval
284,30945.91916668732,0.23119141042561664,584.9674196332182,123765.28717305661,0.15274859890235604,0.06546293619192123,-0.9646214447047043,0,collision_demand
285,28117.21221457204,0.14200431256130647,532.82771488531,126585.80584526689,0.5752459754851361,-0.5554405779461389,0.03408657747068062,1,auxiliary_interval
286,24659.253742295128,0.22062690808277838,575.6046744456102,124244.8892045673,0.2520217274685288,0.7731169533387483,0.014933712713775844,1,auxiliary_interval
287,29065.689598110715,0.18103040581560947,516.7178968923649,127550.06152229503,0.5340539690169334,-0.5824912722533371,-0.09833894746492255,0,collision_demand
288,26630.654363989404,0.24583266493284336,592.4401526528318,126871.34309775673,0.21653055661542983,-0.12306772453067549,-0.0794909257572387,0,collision_demand
289,30033.74391227232,0.19888668923479222,552.7912593317157,125358.0031279443,0.45867506177945844,0.2945624382008176,-0.3570776171037693,0,collision_demand
290,32781.8946577643,0.14017620824210392,594.7689011751684,125624.61392220104,0.13809199829678281,0.6663538539597667,-1.2372188012551613,0,collision_demand
291,29310.940569601116,0.1570776136472386,600.6998739755123,125950.04908622029,0.040537579866941245,0.8172237823620236,-0.8745280634263759,0,collision_demand
292,24632.594761594795,0.1706366899066534,533.0282654328175,124290.72635409895,0.9259256951093943,-0.05419691930437043,0.054866334200465335,1,auxiliary_interval
293,30856.027641568267,0.17541346503724367,527.9284578688064,124010.07134982356,0.38274377651041436,-0.27641725928608973,-0.6491396656454063,0,collision_demand
294,25013.846467763,0.23415465240912253,550.9293080373511,127023.78466584439,0.3938528224194965,0.8271490002438395,0.023338007244859512,1,auxiliary_interval
295,27313.375752693733,0.16470728107644883,599.4017396740779,123746.70402040573,0.7813133017477892,-0.5116593753895011,0.04629723200834012,1,auxiliary_interval
296,32343.89611800984,0.1618110584059856,570.3770481054731,125028.71700223054,0.9334104573840917,0.8028022421762135,0.013781823274306326,1,collision_demand
297,26549.37184371175,0.20491414356821513,579.5750849919754,126896.45798287768,0.16568048301207022,0.44762362214809626,-0.1751418953271724,0,collision_demand
298,29657.019891450305,0.18833654989192308,510.5560515479635,123607.27194753403,0.09209693056111773,-0.6598135955255624,-0.955074633385129,0,collision_demand
299,30789.21430760243,0.16528206518572108,606.1766024691522,126042.84946855571,0.26508629749743123,0.08895295969423378,-0.7348516281757975,0,collision_demand
